step,wallclock_s,n_sched,lambda_disc_active,gamma_disc,gamma_disc_active,target_rhs,sigma,sigma_pi,L_R,L_A,L_C,L_V_total,L_in_task,L_anorm,L_smooth,L_satex,L_pretanh,L_out,L_pi_total,grad_norm_VS,L_lg_raw,lg_min,lg_median,lg_degen_frac,grad_norm_pi,grad_leak_VS_from_Lpi,proj_mag_ema,sigma_pin_counter,abs_action_mean,abs_action_max,satfrac_a_phi
200,4.702059030532837,0,1.0258658877510114,0.95,0.95,0.0,0.0,0.0,0.15202614665031433,0.0,0.0,0.15202614665031433,0.0,0.0,0.0,0.0,0.0,0.0,0.0,0.09631086885929108,0.0,0.0,0.0,0.0,0.0,0.0,0.0,0.0,0.0,0.0,0.0
400,8.187834739685059,0,1.0258658877510114,0.95,0.95,0.0,0.0,0.0,0.045348506420850754,0.0,0.0,0.045348506420850754,0.0,0.0,0.0,0.0,0.0,0.0,0.0,0.0800575315952301,0.0,0.0,0.0,0.0,0.0,0.0,0.0,0.0,0.0,0.0,0.0
600,13.513349533081055,1,1.0258658877510114,0.95,0.95,0.0,0.0,0.0,0.036178916692733765,0.0,0.0,0.036178916692733765,0.0,0.0,0.0,0.0,0.0,0.0,0.0,0.1288430243730545,0.0,0.0,0.0,0.0,0.0,0.0,0.0,0.0,0.0,0.0,0.0
800,17.006306409835815,1,1.0258658877510114,0.95,0.95,0.0,0.0,0.0,0.028783634305000305,0.0,0.0,0.028783634305000305,0.0,0.0,0.0,0.0,0.0,0.0,0.0,0.0966418981552124,0.0,0.0,0.0,0.0,0.0,0.0,0.0,0.0,0.0,0.0,0.0
1000,20.503573417663574,1,1.0258658877510114,0.95,0.95,0.0,0.0,0.0,0.025349842384457588,0.0,0.0,0.025349842384457588,0.0,0.0,0.0,0.0,0.0,0.0,0.0,0.2888215184211731,0.0,0.0,0.0,0.0,0.0,0.0,0.0,0.0,0.0,0.0,0.0
1200,26.304553508758545,2,1.0258658877510114,0.95,0.95,0.0,0.0,0.0,0.021668408066034317,0.0,0.0,0.021668408066034317,0.0,0.0,0.0,0.0,0.0,0.0,0.0,0.03908822685480118,0.0,0.0,0.0,0.0,0.0,0.0,0.0,0.0,0.0,0.0,0.0
1400,29.800435543060303,2,1.0258658877510114,0.95,0.95,0.0,0.0,0.0,0.019715849310159683,0.0,0.0,0.019715849310159683,0.0,0.0,0.0,0.0,0.0,0.0,0.0,0.09421384334564209,0.0,0.0,0.0,0.0,0.0,0.0,0.0,0.0,0.0,0.0,0.0
1600,54.12747597694397,3,1.0258658877510114,0.95,0.95,0.0,0.0,0.0,0.0173862986266613,0.0,0.0,0.0173862986266613,0.0,0.0,0.0,0.0,0.0,0.0,0.0,0.03911073878407478,0.0,0.0,0.0,0.0,0.0,0.0,0.0,0.0,0.0,0.0,0.0
1800,57.54373025894165,3,1.0258658877510114,0.95,0.95,0.0,0.0,0.0,0.016727661713957787,0.0,0.0,0.016727661713957787,0.0,0.0,0.0,0.0,0.0,0.0,0.0,0.11469317227602005,0.0,0.0,0.0,0.0,0.0,0.0,0.0,0.0,0.0,0.0,0.0
2000,61.03618574142456,3,1.0258658877510114,0.95,0.95,0.0,0.0,0.0,0.015477513894438744,0.0,0.0,0.015477513894438744,0.0,0.0,0.0,0.0,0.0,0.0,0.0,0.06309531629085541,0.0,0.0,0.0,0.0,0.0,0.0,0.0,0.0,0.0,0.0,0.0
2200,66.70080041885376,4,1.0258658877510114,0.95,0.95,0.0,0.0,0.0,0.01574990153312683,0.0,0.0,0.01574990153312683,0.0,0.0,0.0,0.0,0.0,0.0,0.0,0.07706161588430405,0.0,0.0,0.0,0.0,0.0,0.0,0.0,0.0,0.0,0.0,0.0
2400,70.19492220878601,4,1.0258658877510114,0.95,0.95,0.0,0.0,0.0,0.014920208603143692,0.0,0.0,0.014920208603143692,0.0,0.0,0.0,0.0,0.0,0.0,0.0,0.040063533931970596,0.0,0.0,0.0,0.0,0.0,0.0,0.0,0.0,0.0,0.0,0.0
2600,76.02283024787903,5,1.0258658877510114,0.95,0.95,0.0,0.0,0.0,0.014857271686196327,0.0,0.0,0.014857271686196327,0.0,0.0,0.0,0.0,0.0,0.0,0.0,0.07175599038600922,0.0,0.0,0.0,0.0,0.0,0.0,0.0,0.0,0.0,0.0,0.0
2800,79.53433442115784,5,1.0258658877510114,0.95,0.95,0.0,0.0,0.0,0.014326406642794609,0.0,0.0,0.014326406642794609,0.0,0.0,0.0,0.0,0.0,0.0,0.0,0.026648428291082382,0.0,0.0,0.0,0.0,0.0,0.0,0.0,0.0,0.0,0.0,0.0
3000,83.06028175354004,5,1.0258658877510114,0.95,0.95,0.0,0.0,0.0,0.013796154409646988,0.0,0.0,0.013796154409646988,0.0,0.0,0.0,0.0,0.0,0.0,0.0,0.1280827820301056,0.0,0.0,0.0,0.0,0.0,0.0,0.0,0.0,0.0,0.0,0.0
3200,108.01132416725159,6,1.0258658877510114,0.95,0.95,0.0,0.0,0.0,0.011440171860158443,0.0,0.0,0.011440171860158443,0.0,0.0,0.0,0.0,0.0,0.0,0.0,0.08588310331106186,0.0,0.0,0.0,0.0,0.0,0.0,0.0,0.0,0.0,0.0,0.0
3400,111.51164555549622,6,1.0258658877510114,0.95,0.95,0.0,0.0,0.0,0.011219410225749016,0.0,0.0,0.011219410225749016,0.0,0.0,0.0,0.0,0.0,0.0,0.0,0.04713394492864609,0.0,0.0,0.0,0.0,0.0,0.0,0.0,0.0,0.0,0.0,0.0
3600,117.34054565429688,7,1.0258658877510114,0.95,0.95,0.0,0.0,0.0,0.011302005499601364,0.0,0.0,0.011302005499601364,0.0,0.0,0.0,0.0,0.0,0.0,0.0,0.03970746695995331,0.0,0.0,0.0,0.0,0.0,0.0,0.0,0.0,0.0,0.0,0.0
3800,120.84904265403748,7,1.0258658877510114,0.95,0.95,0.0,0.0,0.0,0.010699955746531487,0.0,0.0,0.010699955746531487,0.0,0.0,0.0,0.0,0.0,0.0,0.0,0.06919480115175247,0.0,0.0,0.0,0.0,0.0,0.0,0.0,0.0,0.0,0.0,0.0
4000,124.35060620307922,7,1.0258658877510114,0.95,0.95,0.0,0.0,0.0,0.010942039079964161,0.0,0.0,0.010942039079964161,0.0,0.0,0.0,0.0,0.0,0.0,0.0,0.029745230451226234,0.0,0.0,0.0,0.0,0.0,0.0,0.0,0.0,0.0,0.0,0.0
4200,130.22079205513,8,1.0258658877510114,0.95,0.95,0.0,0.0,0.0,0.011504555121064186,0.0,0.0,0.011504555121064186,0.0,0.0,0.0,0.0,0.0,0.0,0.0,0.07942413538694382,0.0,0.0,0.0,0.0,0.0,0.0,0.0,0.0,0.0,0.0,0.0
4400,133.74269247055054,8,1.0258658877510114,0.95,0.95,0.0,0.0,0.0,0.01101286243647337,0.0,0.0,0.01101286243647337,0.0,0.0,0.0,0.0,0.0,0.0,0.0,0.04931073635816574,0.0,0.0,0.0,0.0,0.0,0.0,0.0,0.0,0.0,0.0,0.0
4600,158.81187343597412,9,1.0258658877510114,0.95,0.95,0.0,0.0,0.0,0.010818412527441978,0.0,0.0,0.010818412527441978,0.0,0.0,0.0,0.0,0.0,0.0,0.0,0.07472113519906998,0.0,0.0,0.0,0.0,0.0,0.0,0.0,0.0,0.0,0.0,0.0
4800,162.31945323944092,9,1.0258658877510114,0.95,0.95,0.0,0.0,0.0,0.01058207917958498,0.0,0.0,0.01058207917958498,0.0,0.0,0.0,0.0,0.0,0.0,0.0,0.059193890541791916,0.0,0.0,0.0,0.0,0.0,0.0,0.0,0.0,0.0,0.0,0.0
5000,165.82929944992065,9,1.0258658877510114,0.95,0.95,0.0,0.0,0.0,0.0104747973382473,0.0,0.0,0.0104747973382473,0.0,0.0,0.0,0.0,0.0,0.0,0.0,0.14056798815727234,0.0,0.0,0.0,0.0,0.0,0.0,0.0,0.0,0.0,0.0,0.0
5200,171.77866792678833,10,1.0258658877510114,0.95,0.95,0.0,0.0,0.0,0.009876856580376625,0.0,0.0,0.009876856580376625,0.0,0.0,0.0,0.0,0.0,0.0,0.0,0.0804491862654686,0.0,0.0,0.0,0.0,0.0,0.0,0.0,0.0,0.0,0.0,0.0
5400,175.2115490436554,10,1.0258658877510114,0.95,0.95,0.0,0.0,0.0,0.00901106745004654,0.0,0.0,0.00901106745004654,0.0,0.0,0.0,0.0,0.0,0.0,0.0,0.1362234652042389,0.0,0.0,0.0,0.0,0.0,0.0,0.0,0.0,0.0,0.0,0.0
5600,181.11430096626282,11,1.0258658877510114,0.95,0.95,0.0,0.0,0.0,0.009649294428527355,0.0,0.0,0.009649294428527355,0.0,0.0,0.0,0.0,0.0,0.0,0.0,0.14160391688346863,0.0,0.0,0.0,0.0,0.0,0.0,0.0,0.0,0.0,0.0,0.0
5800,184.62572288513184,11,1.0258658877510114,0.95,0.95,0.0,0.0,0.0,0.009298326447606087,0.0,0.0,0.009298326447606087,0.0,0.0,0.0,0.0,0.0,0.0,0.0,0.0397939570248127,0.0,0.0,0.0,0.0,0.0,0.0,0.0,0.0,0.0,0.0,0.0
6000,188.14012360572815,11,1.0258658877510114,0.95,0.95,0.0,0.0,0.0,0.008560620248317719,0.0,0.0,0.008560620248317719,0.0,0.0,0.0,0.0,0.0,0.0,0.0,0.04147616773843765,0.0,0.0,0.0,0.0,0.0,0.0,0.0,0.0,0.0,0.0,0.0
6200,212.9194314479828,12,1.0258658877510114,0.95,0.95,0.0,0.0,0.0,0.00966787338256836,0.0,0.0,0.00966787338256836,0.0,0.0,0.0,0.0,0.0,0.0,0.0,0.06091931462287903,0.0,0.0,0.0,0.0,0.0,0.0,0.0,0.0,0.0,0.0,0.0
6400,216.42515182495117,12,1.0258658877510114,0.95,0.95,0.0,0.0,0.0,0.009610835462808609,0.0,0.0,0.009610835462808609,0.0,0.0,0.0,0.0,0.0,0.0,0.0,0.12400416284799576,0.0,0.0,0.0,0.0,0.0,0.0,0.0,0.0,0.0,0.0,0.0
6600,222.41907835006714,13,1.0258658877510114,0.95,0.95,0.0,0.0,0.0,0.009259207174181938,0.0,0.0,0.009259207174181938,0.0,0.0,0.0,0.0,0.0,0.0,0.0,0.0463138073682785,0.0,0.0,0.0,0.0,0.0,0.0,0.0,0.0,0.0,0.0,0.0
6800,225.92273950576782,13,1.0258658877510114,0.95,0.95,0.0,0.0,0.0,0.008776119910180569,0.0,0.0,0.008776119910180569,0.0,0.0,0.0,0.0,0.0,0.0,0.0,0.083616241812706,0.0,0.0,0.0,0.0,0.0,0.0,0.0,0.0,0.0,0.0,0.0
7000,229.43983364105225,13,1.0258658877510114,0.95,0.95,0.0,0.0,0.0,0.008475109934806824,0.0,0.0,0.008475109934806824,0.0,0.0,0.0,0.0,0.0,0.0,0.0,0.07636303454637527,0.0,0.0,0.0,0.0,0.0,0.0,0.0,0.0,0.0,0.0,0.0
7200,235.5130341053009,14,1.0258658877510114,0.95,0.95,0.0,0.0,0.0,0.008149726316332817,0.0,0.0,0.008149726316332817,0.0,0.0,0.0,0.0,0.0,0.0,0.0,0.05393418297171593,0.0,0.0,0.0,0.0,0.0,0.0,0.0,0.0,0.0,0.0,0.0
7400,238.95398044586182,14,1.0258658877510114,0.95,0.95,0.0,0.0,0.0,0.008195513859391212,0.0,0.0,0.008195513859391212,0.0,0.0,0.0,0.0,0.0,0.0,0.0,0.052015285938978195,0.0,0.0,0.0,0.0,0.0,0.0,0.0,0.0,0.0,0.0,0.0
7600,263.64086627960205,15,1.0258658877510114,0.95,0.95,0.0,0.0,0.0,0.008872659876942635,0.0,0.0,0.008872659876942635,0.0,0.0,0.0,0.0,0.0,0.0,0.0,0.03461781516671181,0.0,0.0,0.0,0.0,0.0,0.0,0.0,0.0,0.0,0.0,0.0
7800,267.13252449035645,15,1.0258658877510114,0.95,0.95,0.0,0.0,0.0,0.008263712748885155,0.0,0.0,0.008263712748885155,0.0,0.0,0.0,0.0,0.0,0.0,0.0,0.07354085147380829,0.0,0.0,0.0,0.0,0.0,0.0,0.0,0.0,0.0,0.0,0.0
8000,270.62509417533875,15,1.0258658877510114,0.95,0.95,0.0,0.0,0.0,0.008039189502596855,0.0,0.0,0.008039189502596855,0.0,0.0,0.0,0.0,0.0,0.0,0.0,0.12406028062105179,0.0,0.0,0.0,0.0,0.0,0.0,0.0,0.0,0.0,0.0,0.0
8200,276.4717402458191,16,1.0258658877510114,0.95,0.95,0.0,0.0,0.0,0.008462438359856606,0.0,0.0,0.008462438359856606,0.0,0.0,0.0,0.0,0.0,0.0,0.0,0.13278967142105103,0.0,0.0,0.0,0.0,0.0,0.0,0.0,0.0,0.0,0.0,0.0
8400,279.9736831188202,16,1.0258658877510114,0.95,0.95,0.0,0.0,0.0,0.008224131539463997,0.0,0.0,0.008224131539463997,0.0,0.0,0.0,0.0,0.0,0.0,0.0,0.1607072651386261,0.0,0.0,0.0,0.0,0.0,0.0,0.0,0.0,0.0,0.0,0.0
8600,285.8802788257599,17,1.0258658877510114,0.95,0.95,0.0,0.0,0.0,0.008161083795130253,0.0,0.0,0.008161083795130253,0.0,0.0,0.0,0.0,0.0,0.0,0.0,0.13156050443649292,0.0,0.0,0.0,0.0,0.0,0.0,0.0,0.0,0.0,0.0,0.0
8800,289.3739619255066,17,1.0258658877510114,0.95,0.95,0.0,0.0,0.0,0.007554993964731693,0.0,0.0,0.007554993964731693,0.0,0.0,0.0,0.0,0.0,0.0,0.0,0.031639572232961655,0.0,0.0,0.0,0.0,0.0,0.0,0.0,0.0,0.0,0.0,0.0
9000,292.86765456199646,17,1.0258658877510114,0.95,0.95,0.0,0.0,0.0,0.007732058875262737,0.0,0.0,0.007732058875262737,0.0,0.0,0.0,0.0,0.0,0.0,0.0,0.09271534532308578,0.0,0.0,0.0,0.0,0.0,0.0,0.0,0.0,0.0,0.0,0.0
9200,317.29591965675354,18,1.0258658877510114,0.95,0.95,0.0,0.0,0.0,0.007615663111209869,0.0,0.0,0.007615663111209869,0.0,0.0,0.0,0.0,0.0,0.0,0.0,0.023125767707824707,0.0,0.0,0.0,0.0,0.0,0.0,0.0,0.0,0.0,0.0,0.0
9400,320.79990577697754,18,1.0258658877510114,0.95,0.95,0.0,0.0,0.0,0.007517147343605757,0.0,0.0,0.007517147343605757,0.0,0.0,0.0,0.0,0.0,0.0,0.0,0.06901432573795319,0.0,0.0,0.0,0.0,0.0,0.0,0.0,0.0,0.0,0.0,0.0
9600,326.5668148994446,19,1.0258658877510114,0.95,0.95,0.0,0.0,0.0,0.0077191246673464775,0.0,0.0,0.0077191246673464775,0.0,0.0,0.0,0.0,0.0,0.0,0.0,0.05514035001397133,0.0,0.0,0.0,0.0,0.0,0.0,0.0,0.0,0.0,0.0,0.0
9800,330.06556129455566,19,1.0258658877510114,0.95,0.95,0.0,0.0,0.0,0.007715458050370216,0.0,0.0,0.007715458050370216,0.0,0.0,0.0,0.0,0.0,0.0,0.0,0.14063487946987152,0.0,0.0,0.0,0.0,0.0,0.0,0.0,0.0,0.0,0.0,0.0
10000,333.5612578392029,19,1.0258658877510114,0.95,0.95,0.0,0.0,0.0,0.007350223604589701,0.0,0.0,0.007350223604589701,0.0,0.0,0.0,0.0,0.0,0.0,0.0,0.06661716848611832,0.0,0.0,0.0,0.0,0.0,0.0,0.0,0.0,0.0,0.0,0.0
10200,339.58483624458313,20,1.0258658877510114,0.95,0.95,0.0,0.0,0.0,0.007466040551662445,0.0,0.0,0.007466040551662445,0.0,0.0,0.0,0.0,0.0,0.0,0.0,0.03794259950518608,0.0,0.0,0.0,0.0,0.0,0.0,0.0,0.0,0.0,0.0,0.0
10400,343.0771083831787,20,1.0258658877510114,0.95,0.95,0.0,0.0,0.0,0.007667033467441797,0.0,0.0,0.007667033467441797,0.0,0.0,0.0,0.0,0.0,0.0,0.0,0.1024329885840416,0.0,0.0,0.0,0.0,0.0,0.0,0.0,0.0,0.0,0.0,0.0
10600,367.7412283420563,21,1.0258658877510114,0.95,0.95,0.0,0.0,0.0,0.007468180265277624,0.0,0.0,0.007468180265277624,0.0,0.0,0.0,0.0,0.0,0.0,0.0,0.05091867595911026,0.0,0.0,0.0,0.0,0.0,0.0,0.0,0.0,0.0,0.0,0.0
10800,371.24732875823975,21,1.0258658877510114,0.95,0.95,0.0,0.0,0.0,0.007388264872133732,0.0,0.0,0.007388264872133732,0.0,0.0,0.0,0.0,0.0,0.0,0.0,0.10222415626049042,0.0,0.0,0.0,0.0,0.0,0.0,0.0,0.0,0.0,0.0,0.0
11000,374.753591299057,21,1.0258658877510114,0.95,0.95,0.0,0.0,0.0,0.007179688662290573,0.0,0.0,0.007179688662290573,0.0,0.0,0.0,0.0,0.0,0.0,0.0,0.03600991889834404,0.0,0.0,0.0,0.0,0.0,0.0,0.0,0.0,0.0,0.0,0.0
11200,380.6855218410492,22,1.0258658877510114,0.95,0.95,0.0,0.0,0.0,0.007334875874221325,0.0,0.0,0.007334875874221325,0.0,0.0,0.0,0.0,0.0,0.0,0.0,0.04066755250096321,0.0,0.0,0.0,0.0,0.0,0.0,0.0,0.0,0.0,0.0,0.0
11400,384.19053387641907,22,1.0258658877510114,0.95,0.95,0.0,0.0,0.0,0.0065992302261292934,0.0,0.0,0.0065992302261292934,0.0,0.0,0.0,0.0,0.0,0.0,0.0,0.07876435667276382,0.0,0.0,0.0,0.0,0.0,0.0,0.0,0.0,0.0,0.0,0.0
11600,390.1988399028778,23,1.0258658877510114,0.95,0.95,0.0,0.0,0.0,0.00727029237896204,0.0,0.0,0.00727029237896204,0.0,0.0,0.0,0.0,0.0,0.0,0.0,0.06657829880714417,0.0,0.0,0.0,0.0,0.0,0.0,0.0,0.0,0.0,0.0,0.0
11800,393.69327688217163,23,1.0258658877510114,0.95,0.95,0.0,0.0,0.0,0.00699883047491312,0.0,0.0,0.00699883047491312,0.0,0.0,0.0,0.0,0.0,0.0,0.0,0.06426206231117249,0.0,0.0,0.0,0.0,0.0,0.0,0.0,0.0,0.0,0.0,0.0
12000,397.1896209716797,23,1.0258658877510114,0.95,0.95,0.0,0.0,0.0,0.006869322154670954,0.0,0.0,0.006869322154670954,0.0,0.0,0.0,0.0,0.0,0.0,0.0,0.04416785016655922,0.0,0.0,0.0,0.0,0.0,0.0,0.0,0.0,0.0,0.0,0.0
12200,421.95426535606384,24,1.0258658877510114,0.95,0.95,0.0,0.0,0.0,0.007189567666500807,0.0,0.0,0.007189567666500807,0.0,0.0,0.0,0.0,0.0,0.0,0.0,0.08316393941640854,0.0,0.0,0.0,0.0,0.0,0.0,0.0,0.0,0.0,0.0,0.0
12400,425.45883107185364,24,1.0258658877510114,0.95,0.95,0.0,0.0,0.0,0.006902980152517557,0.0,0.0,0.006902980152517557,0.0,0.0,0.0,0.0,0.0,0.0,0.0,0.04928490146994591,0.0,0.0,0.0,0.0,0.0,0.0,0.0,0.0,0.0,0.0,0.0
12600,431.3906829357147,25,1.0258658877510114,0.95,0.95,0.0,0.0,0.0,0.0070336549542844296,0.0,0.0,0.0070336549542844296,0.0,0.0,0.0,0.0,0.0,0.0,0.0,0.0368630476295948,0.0,0.0,0.0,0.0,0.0,0.0,0.0,0.0,0.0,0.0,0.0
12800,434.89574933052063,25,1.0258658877510114,0.95,0.95,0.0,0.0,0.0,0.006393485702574253,0.0,0.0,0.006393485702574253,0.0,0.0,0.0,0.0,0.0,0.0,0.0,0.026987962424755096,0.0,0.0,0.0,0.0,0.0,0.0,0.0,0.0,0.0,0.0,0.0
13000,438.3914475440979,25,1.0258658877510114,0.95,0.95,0.0,0.0,0.0,0.006603793241083622,0.0,0.0,0.006603793241083622,0.0,0.0,0.0,0.0,0.0,0.0,0.0,0.06444168835878372,0.0,0.0,0.0,0.0,0.0,0.0,0.0,0.0,0.0,0.0,0.0
13200,444.30871987342834,26,1.0258658877510114,0.95,0.95,0.0,0.0,0.0,0.006761941593140364,0.0,0.0,0.006761941593140364,0.0,0.0,0.0,0.0,0.0,0.0,0.0,0.02627110667526722,0.0,0.0,0.0,0.0,0.0,0.0,0.0,0.0,0.0,0.0,0.0
13400,447.80909633636475,26,1.0258658877510114,0.95,0.95,0.0,0.0,0.0,0.006730668246746063,0.0,0.0,0.006730668246746063,0.0,0.0,0.0,0.0,0.0,0.0,0.0,0.05085913836956024,0.0,0.0,0.0,0.0,0.0,0.0,0.0,0.0,0.0,0.0,0.0
13600,472.64795994758606,27,1.0258658877510114,0.95,0.95,0.0,0.0,0.0,0.006584229413419962,0.0,0.0,0.006584229413419962,0.0,0.0,0.0,0.0,0.0,0.0,0.0,0.033671218901872635,0.0,0.0,0.0,0.0,0.0,0.0,0.0,0.0,0.0,0.0,0.0
13800,476.13725209236145,27,1.0258658877510114,0.95,0.95,0.0,0.0,0.0,0.006662676576524973,0.0,0.0,0.006662676576524973,0.0,0.0,0.0,0.0,0.0,0.0,0.0,0.05346111208200455,0.0,0.0,0.0,0.0,0.0,0.0,0.0,0.0,0.0,0.0,0.0
14000,479.63104486465454,27,1.0258658877510114,0.95,0.95,0.0,0.0,0.0,0.00627427501603961,0.0,0.0,0.00627427501603961,0.0,0.0,0.0,0.0,0.0,0.0,0.0,0.05315845087170601,0.0,0.0,0.0,0.0,0.0,0.0,0.0,0.0,0.0,0.0,0.0
14200,485.6838347911835,28,1.0258658877510114,0.95,0.95,0.0,0.0,0.0,0.006573768332600594,0.0,0.0,0.006573768332600594,0.0,0.0,0.0,0.0,0.0,0.0,0.0,0.051708023995161057,0.0,0.0,0.0,0.0,0.0,0.0,0.0,0.0,0.0,0.0,0.0
14400,489.1865088939667,28,1.0258658877510114,0.95,0.95,0.0,0.0,0.0,0.006779759656637907,0.0,0.0,0.006779759656637907,0.0,0.0,0.0,0.0,0.0,0.0,0.0,0.13532979786396027,0.0,0.0,0.0,0.0,0.0,0.0,0.0,0.0,0.0,0.0,0.0
14600,495.34868597984314,29,1.0258658877510114,0.95,0.95,0.0,0.0,0.0,0.006536019966006279,0.0,0.0,0.006536019966006279,0.0,0.0,0.0,0.0,0.0,0.0,0.0,0.042047739028930664,0.0,0.0,0.0,0.0,0.0,0.0,0.0,0.0,0.0,0.0,0.0
14800,498.84552216529846,29,1.0258658877510114,0.95,0.95,0.0,0.0,0.0,0.006029889918863773,0.0,0.0,0.006029889918863773,0.0,0.0,0.0,0.0,0.0,0.0,0.0,0.034277819097042084,0.0,0.0,0.0,0.0,0.0,0.0,0.0,0.0,0.0,0.0,0.0
15000,502.3431136608124,29,1.0258658877510114,0.95,0.95,0.0,0.0,0.0,0.006153422873467207,0.0,0.0,0.006153422873467207,0.0,0.0,0.0,0.0,0.0,0.0,0.0,0.07737618684768677,0.0,0.0,0.0,0.0,0.0,0.0,0.0,0.0,0.0,0.0,0.0
15200,527.0911920070648,30,1.0258658877510114,0.95,0.95,0.0,0.0,0.0,0.00637609651312232,0.0,0.0,0.00637609651312232,0.0,0.0,0.0,0.0,0.0,0.0,0.0,0.08548516780138016,0.0,0.0,0.0,0.0,0.0,0.0,0.0,0.0,0.0,0.0,0.0
15400,530.5939643383026,30,1.0258658877510114,0.95,0.95,0.0,0.0,0.0,0.006195900961756706,0.0,0.0,0.006195900961756706,0.0,0.0,0.0,0.0,0.0,0.0,0.0,0.0492999404668808,0.0,0.0,0.0,0.0,0.0,0.0,0.0,0.0,0.0,0.0,0.0
15600,536.5584115982056,31,1.0258658877510114,0.95,0.95,0.0,0.0,0.0,0.0067596836015582085,0.0,0.0,0.0067596836015582085,0.0,0.0,0.0,0.0,0.0,0.0,0.0,0.08178403228521347,0.0,0.0,0.0,0.0,0.0,0.0,0.0,0.0,0.0,0.0,0.0
15800,540.0631258487701,31,1.0258658877510114,0.95,0.95,0.0,0.0,0.0,0.00623745284974575,0.0,0.0,0.00623745284974575,0.0,0.0,0.0,0.0,0.0,0.0,0.0,0.034274518489837646,0.0,0.0,0.0,0.0,0.0,0.0,0.0,0.0,0.0,0.0,0.0
16000,543.5680215358734,31,1.0258658877510114,0.95,0.95,0.0,0.0,0.0,0.006156743038445711,0.0,0.0,0.006156743038445711,0.0,0.0,0.0,0.0,0.0,0.0,0.0,0.08791930228471756,0.0,0.0,0.0,0.0,0.0,0.0,0.0,0.0,0.0,0.0,0.0
16200,549.8349170684814,32,1.0258658877510114,0.95,0.95,0.0,0.0,0.0,0.00646181171759963,0.0,0.0,0.00646181171759963,0.0,0.0,0.0,0.0,0.0,0.0,0.0,0.08850980550050735,0.0,0.0,0.0,0.0,0.0,0.0,0.0,0.0,0.0,0.0,0.0
16400,553.3309423923492,32,1.0258658877510114,0.95,0.95,0.0,0.0,0.0,0.005862322170287371,0.0,0.0,0.005862322170287371,0.0,0.0,0.0,0.0,0.0,0.0,0.0,0.018656766042113304,0.0,0.0,0.0,0.0,0.0,0.0,0.0,0.0,0.0,0.0,0.0
16600,577.905287027359,33,1.0258658877510114,0.95,0.95,0.0,0.0,0.0,0.00631759874522686,0.0,0.0,0.00631759874522686,0.0,0.0,0.0,0.0,0.0,0.0,0.0,0.046945590525865555,0.0,0.0,0.0,0.0,0.0,0.0,0.0,0.0,0.0,0.0,0.0
16800,581.4105832576752,33,1.0258658877510114,0.95,0.95,0.0,0.0,0.0,0.006181167904287577,0.0,0.0,0.006181167904287577,0.0,0.0,0.0,0.0,0.0,0.0,0.0,0.025278756394982338,0.0,0.0,0.0,0.0,0.0,0.0,0.0,0.0,0.0,0.0,0.0
17000,584.9246847629547,33,1.0258658877510114,0.95,0.95,0.0,0.0,0.0,0.006104790605604649,0.0,0.0,0.006104790605604649,0.0,0.0,0.0,0.0,0.0,0.0,0.0,0.0998523011803627,0.0,0.0,0.0,0.0,0.0,0.0,0.0,0.0,0.0,0.0,0.0
17200,590.8423471450806,34,1.0258658877510114,0.95,0.95,0.0,0.0,0.0,0.0063840895891189575,0.0,0.0,0.0063840895891189575,0.0,0.0,0.0,0.0,0.0,0.0,0.0,0.07978098839521408,0.0,0.0,0.0,0.0,0.0,0.0,0.0,0.0,0.0,0.0,0.0
17400,594.336861371994,34,1.0258658877510114,0.95,0.95,0.0,0.0,0.0,0.005851637106388807,0.0,0.0,0.005851637106388807,0.0,0.0,0.0,0.0,0.0,0.0,0.0,0.030699778348207474,0.0,0.0,0.0,0.0,0.0,0.0,0.0,0.0,0.0,0.0,0.0
17600,600.527702331543,35,1.0258658877510114,0.95,0.95,0.0,0.0,0.0,0.006349584087729454,0.0,0.0,0.006349584087729454,0.0,0.0,0.0,0.0,0.0,0.0,0.0,0.0313667394220829,0.0,0.0,0.0,0.0,0.0,0.0,0.0,0.0,0.0,0.0,0.0
17800,604.0434095859528,35,1.0258658877510114,0.95,0.95,0.0,0.0,0.0,0.006031859200447798,0.0,0.0,0.006031859200447798,0.0,0.0,0.0,0.0,0.0,0.0,0.0,0.07166990637779236,0.0,0.0,0.0,0.0,0.0,0.0,0.0,0.0,0.0,0.0,0.0
18000,607.5601320266724,35,1.0258658877510114,0.95,0.95,0.0,0.0,0.0,0.006285680457949638,0.0,0.0,0.006285680457949638,0.0,0.0,0.0,0.0,0.0,0.0,0.0,0.09122788161039352,0.0,0.0,0.0,0.0,0.0,0.0,0.0,0.0,0.0,0.0,0.0
18200,632.2787415981293,36,1.0258658877510114,0.95,0.95,0.0,0.0,0.0,0.006025718990713358,0.0,0.0,0.006025718990713358,0.0,0.0,0.0,0.0,0.0,0.0,0.0,0.05049440637230873,0.0,0.0,0.0,0.0,0.0,0.0,0.0,0.0,0.0,0.0,0.0
18400,635.7875888347626,36,1.0258658877510114,0.95,0.95,0.0,0.0,0.0,0.006214371882379055,0.0,0.0,0.006214371882379055,0.0,0.0,0.0,0.0,0.0,0.0,0.0,0.08896686136722565,0.0,0.0,0.0,0.0,0.0,0.0,0.0,0.0,0.0,0.0,0.0
18600,641.9997487068176,37,1.0258658877510114,0.95,0.95,0.0,0.0,0.0,0.0060487850569188595,0.0,0.0,0.0060487850569188595,0.0,0.0,0.0,0.0,0.0,0.0,0.0,0.024074748158454895,0.0,0.0,0.0,0.0,0.0,0.0,0.0,0.0,0.0,0.0,0.0
18800,645.5012173652649,37,1.0258658877510114,0.95,0.95,0.0,0.0,0.0,0.005727481096982956,0.0,0.0,0.005727481096982956,0.0,0.0,0.0,0.0,0.0,0.0,0.0,0.03298823907971382,0.0,0.0,0.0,0.0,0.0,0.0,0.0,0.0,0.0,0.0,0.0
19000,649.0113980770111,37,1.0258658877510114,0.95,0.95,0.0,0.0,0.0,0.005832829512655735,0.0,0.0,0.005832829512655735,0.0,0.0,0.0,0.0,0.0,0.0,0.0,0.02456357143819332,0.0,0.0,0.0,0.0,0.0,0.0,0.0,0.0,0.0,0.0,0.0
19200,655.1687550544739,38,1.0258658877510114,0.95,0.95,0.0,0.0,0.0,0.005992129445075989,0.0,0.0,0.005992129445075989,0.0,0.0,0.0,0.0,0.0,0.0,0.0,0.03581148013472557,0.0,0.0,0.0,0.0,0.0,0.0,0.0,0.0,0.0,0.0,0.0
19400,658.6664199829102,38,1.0258658877510114,0.95,0.95,0.0,0.0,0.0,0.005791401024907827,0.0,0.0,0.005791401024907827,0.0,0.0,0.0,0.0,0.0,0.0,0.0,0.06897436827421188,0.0,0.0,0.0,0.0,0.0,0.0,0.0,0.0,0.0,0.0,0.0
19600,683.5348565578461,39,1.0258658877510114,0.95,0.95,0.0,0.0,0.0,0.005833476781845093,0.0,0.0,0.005833476781845093,0.0,0.0,0.0,0.0,0.0,0.0,0.0,0.029278472065925598,0.0,0.0,0.0,0.0,0.0,0.0,0.0,0.0,0.0,0.0,0.0
19800,687.032440662384,39,1.0258658877510114,0.95,0.95,0.0,0.0,0.0,0.005803273990750313,0.0,0.0,0.005803273990750313,0.0,0.0,0.0,0.0,0.0,0.0,0.0,0.021514296531677246,0.0,0.0,0.0,0.0,0.0,0.0,0.0,0.0,0.0,0.0,0.0
20000,690.5480651855469,39,1.0258658877510114,0.95,0.95,0.0,0.0,0.0,0.005355105735361576,0.0,0.0,0.005355105735361576,0.0,0.0,0.0,0.0,0.0,0.0,0.0,0.036142006516456604,0.0,0.0,0.0,0.0,0.0,0.0,0.0,0.0,0.0,0.0,0.0
20200,696.5167586803436,40,1.0258658877510114,0.95,0.95,0.0,0.0,0.0,0.005870768800377846,0.0,0.0,0.005870768800377846,0.0,0.0,0.0,0.0,0.0,0.0,0.0,0.037363819777965546,0.0,0.0,0.0,0.0,0.0,0.0,0.0,0.0,0.0,0.0,0.0
20400,700.011837720871,40,1.0258658877510114,0.95,0.95,0.0,0.0,0.0,0.0057341428473591805,0.0,0.0,0.0057341428473591805,0.0,0.0,0.0,0.0,0.0,0.0,0.0,0.054856088012456894,0.0,0.0,0.0,0.0,0.0,0.0,0.0,0.0,0.0,0.0,0.0
20600,706.0204026699066,41,1.0258658877510114,0.95,0.95,0.0,0.0,0.0,0.006014456041157246,0.0,0.0,0.006014456041157246,0.0,0.0,0.0,0.0,0.0,0.0,0.0,0.025617601349949837,0.0,0.0,0.0,0.0,0.0,0.0,0.0,0.0,0.0,0.0,0.0
20800,709.5201303958893,41,1.0258658877510114,0.95,0.95,0.0,0.0,0.0,0.005543808452785015,0.0,0.0,0.005543808452785015,0.0,0.0,0.0,0.0,0.0,0.0,0.0,0.01758873462677002,0.0,0.0,0.0,0.0,0.0,0.0,0.0,0.0,0.0,0.0,0.0
21000,713.0199019908905,41,1.0258658877510114,0.95,0.95,0.0,0.0,0.0,0.005524429492652416,0.0,0.0,0.005524429492652416,0.0,0.0,0.0,0.0,0.0,0.0,0.0,0.04893794283270836,0.0,0.0,0.0,0.0,0.0,0.0,0.0,0.0,0.0,0.0,0.0
21200,737.982901096344,42,1.0258658877510114,0.95,0.95,0.0,0.0,0.0,0.005648191086947918,0.0,0.0,0.005648191086947918,0.0,0.0,0.0,0.0,0.0,0.0,0.0,0.0298465546220541,0.0,0.0,0.0,0.0,0.0,0.0,0.0,0.0,0.0,0.0,0.0
21400,741.4787528514862,42,1.0258658877510114,0.95,0.95,0.0,0.0,0.0,0.005345413461327553,0.0,0.0,0.005345413461327553,0.0,0.0,0.0,0.0,0.0,0.0,0.0,0.020888423547148705,0.0,0.0,0.0,0.0,0.0,0.0,0.0,0.0,0.0,0.0,0.0
21600,747.5247464179993,43,1.0258658877510114,0.95,0.95,0.0,0.0,0.0,0.0058573465794324875,0.0,0.0,0.0058573465794324875,0.0,0.0,0.0,0.0,0.0,0.0,0.0,0.02768457680940628,0.0,0.0,0.0,0.0,0.0,0.0,0.0,0.0,0.0,0.0,0.0
21800,751.0158338546753,43,1.0258658877510114,0.95,0.95,0.0,0.0,0.0,0.005626701284199953,0.0,0.0,0.005626701284199953,0.0,0.0,0.0,0.0,0.0,0.0,0.0,0.029922818765044212,0.0,0.0,0.0,0.0,0.0,0.0,0.0,0.0,0.0,0.0,0.0
22000,754.5072045326233,43,1.0258658877510114,0.95,0.95,0.0,0.0,0.0,0.005485694855451584,0.0,0.0,0.005485694855451584,0.0,0.0,0.0,0.0,0.0,0.0,0.0,0.05628078430891037,0.0,0.0,0.0,0.0,0.0,0.0,0.0,0.0,0.0,0.0,0.0
22200,760.7875158786774,44,1.0258658877510114,0.95,0.95,0.0,0.0,0.0,0.005609598476439714,0.0,0.0,0.005609598476439714,0.0,0.0,0.0,0.0,0.0,0.0,0.0,0.03921608254313469,0.0,0.0,0.0,0.0,0.0,0.0,0.0,0.0,0.0,0.0,0.0
22400,764.2840592861176,44,1.0258658877510114,0.95,0.95,0.0,0.0,0.0,0.00554913142696023,0.0,0.0,0.00554913142696023,0.0,0.0,0.0,0.0,0.0,0.0,0.0,0.05698629096150398,0.0,0.0,0.0,0.0,0.0,0.0,0.0,0.0,0.0,0.0,0.0
22600,788.9753112792969,45,1.0258658877510114,0.95,0.95,0.0,0.0,0.0,0.005921830423176289,0.0,0.0,0.005921830423176289,0.0,0.0,0.0,0.0,0.0,0.0,0.0,0.021937046200037003,0.0,0.0,0.0,0.0,0.0,0.0,0.0,0.0,0.0,0.0,0.0
22800,792.4731688499451,45,1.0258658877510114,0.95,0.95,0.0,0.0,0.0,0.005639148410409689,0.0,0.0,0.005639148410409689,0.0,0.0,0.0,0.0,0.0,0.0,0.0,0.030370203778147697,0.0,0.0,0.0,0.0,0.0,0.0,0.0,0.0,0.0,0.0,0.0
23000,795.9712269306183,45,1.0258658877510114,0.95,0.95,0.0,0.0,0.0,0.005586070474237204,0.0,0.0,0.005586070474237204,0.0,0.0,0.0,0.0,0.0,0.0,0.0,0.04428331181406975,0.0,0.0,0.0,0.0,0.0,0.0,0.0,0.0,0.0,0.0,0.0
23200,802.0763034820557,46,1.0258658877510114,0.95,0.95,0.0,0.0,0.0,0.005983590614050627,0.0,0.0,0.005983590614050627,0.0,0.0,0.0,0.0,0.0,0.0,0.0,0.07502822577953339,0.0,0.0,0.0,0.0,0.0,0.0,0.0,0.0,0.0,0.0,0.0
23400,805.5723040103912,46,1.0258658877510114,0.95,0.95,0.0,0.0,0.0,0.005622806493192911,0.0,0.0,0.005622806493192911,0.0,0.0,0.0,0.0,0.0,0.0,0.0,0.08513413369655609,0.0,0.0,0.0,0.0,0.0,0.0,0.0,0.0,0.0,0.0,0.0
23600,811.7502295970917,47,1.0258658877510114,0.95,0.95,0.0,0.0,0.0,0.005814416334033012,0.0,0.0,0.005814416334033012,0.0,0.0,0.0,0.0,0.0,0.0,0.0,0.05026152357459068,0.0,0.0,0.0,0.0,0.0,0.0,0.0,0.0,0.0,0.0,0.0
23800,815.2632880210876,47,1.0258658877510114,0.95,0.95,0.0,0.0,0.0,0.005522995255887508,0.0,0.0,0.005522995255887508,0.0,0.0,0.0,0.0,0.0,0.0,0.0,0.02339325100183487,0.0,0.0,0.0,0.0,0.0,0.0,0.0,0.0,0.0,0.0,0.0
24000,818.7595951557159,47,1.0258658877510114,0.95,0.95,0.0,0.0,0.0,0.005711273290216923,0.0,0.0,0.005711273290216923,0.0,0.0,0.0,0.0,0.0,0.0,0.0,0.11383955925703049,0.0,0.0,0.0,0.0,0.0,0.0,0.0,0.0,0.0,0.0,0.0
24200,843.7565832138062,48,1.0258658877510114,0.95,0.95,0.0,0.0,0.0,0.005672945640981197,0.0,0.0,0.005672945640981197,0.0,0.0,0.0,0.0,0.0,0.0,0.0,0.044528886675834656,0.0,0.0,0.0,0.0,0.0,0.0,0.0,0.0,0.0,0.0,0.0
24400,847.2524800300598,48,1.0258658877510114,0.95,0.95,0.0,0.0,0.0,0.00527133047580719,0.0,0.0,0.00527133047580719,0.0,0.0,0.0,0.0,0.0,0.0,0.0,0.023967161774635315,0.0,0.0,0.0,0.0,0.0,0.0,0.0,0.0,0.0,0.0,0.0
24600,853.2929508686066,49,1.0258658877510114,0.95,0.95,0.0,0.0,0.0,0.006124783307313919,0.0,0.0,0.006124783307313919,0.0,0.0,0.0,0.0,0.0,0.0,0.0,0.050051357597112656,0.0,0.0,0.0,0.0,0.0,0.0,0.0,0.0,0.0,0.0,0.0
24800,856.8034389019012,49,1.0258658877510114,0.95,0.95,0.0,0.0,0.0,0.005487177520990372,0.0,0.0,0.005487177520990372,0.0,0.0,0.0,0.0,0.0,0.0,0.0,0.025184620171785355,0.0,0.0,0.0,0.0,0.0,0.0,0.0,0.0,0.0,0.0,0.0
25000,860.300763130188,49,1.0258658877510114,0.95,0.95,0.0,0.0,0.0,0.005210141651332378,0.0,0.0,0.005210141651332378,0.0,0.0,0.0,0.0,0.0,0.0,0.0,0.04368197172880173,0.0,0.0,0.0,0.0,0.0,0.0,0.0,0.0,0.0,0.0,0.0
25200,866.3977007865906,50,1.0258658877510114,0.95,0.95,0.0,0.0,0.0,0.005192049313336611,0.0,0.0,0.005192049313336611,0.0,0.0,0.0,0.0,0.0,0.0,0.0,0.039913881570100784,0.0,0.0,0.0,0.0,0.0,0.0,0.0,0.0,0.0,0.0,0.0
25400,869.9051961898804,50,1.0258658877510114,0.95,0.95,0.0,0.0,0.0,0.005300210323184729,0.0,0.0,0.005300210323184729,0.0,0.0,0.0,0.0,0.0,0.0,0.0,0.034835685044527054,0.0,0.0,0.0,0.0,0.0,0.0,0.0,0.0,0.0,0.0,0.0
25600,894.8601875305176,51,1.0258658877510114,0.95,0.95,0.0,0.0,0.0,0.005595716647803783,0.0,0.0,0.005595716647803783,0.0,0.0,0.0,0.0,0.0,0.0,0.0,0.027941996231675148,0.0,0.0,0.0,0.0,0.0,0.0,0.0,0.0,0.0,0.0,0.0
25800,898.3533358573914,51,1.0258658877510114,0.95,0.95,0.0,0.0,0.0,0.005462079308927059,0.0,0.0,0.005462079308927059,0.0,0.0,0.0,0.0,0.0,0.0,0.0,0.03500189259648323,0.0,0.0,0.0,0.0,0.0,0.0,0.0,0.0,0.0,0.0,0.0
26000,901.8507437705994,51,1.0258658877510114,0.95,0.95,0.0,0.0,0.0,0.004960068501532078,0.0,0.0,0.004960068501532078,0.0,0.0,0.0,0.0,0.0,0.0,0.0,0.04784763231873512,0.0,0.0,0.0,0.0,0.0,0.0,0.0,0.0,0.0,0.0,0.0
26200,907.8545780181885,52,1.0258658877510114,0.95,0.95,0.0,0.0,0.0,0.005158399697393179,0.0,0.0,0.005158399697393179,0.0,0.0,0.0,0.0,0.0,0.0,0.0,0.022868921980261803,0.0,0.0,0.0,0.0,0.0,0.0,0.0,0.0,0.0,0.0,0.0
26400,911.3671772480011,52,1.0258658877510114,0.95,0.95,0.0,0.0,0.0,0.005003743804991245,0.0,0.0,0.005003743804991245,0.0,0.0,0.0,0.0,0.0,0.0,0.0,0.029046352952718735,0.0,0.0,0.0,0.0,0.0,0.0,0.0,0.0,0.0,0.0,0.0
26600,917.5176515579224,53,1.0258658877510114,0.95,0.95,0.0,0.0,0.0,0.0053334916010499,0.0,0.0,0.0053334916010499,0.0,0.0,0.0,0.0,0.0,0.0,0.0,0.05046483501791954,0.0,0.0,0.0,0.0,0.0,0.0,0.0,0.0,0.0,0.0,0.0
26800,921.0113000869751,53,1.0258658877510114,0.95,0.95,0.0,0.0,0.0,0.005149397067725658,0.0,0.0,0.005149397067725658,0.0,0.0,0.0,0.0,0.0,0.0,0.0,0.04398443177342415,0.0,0.0,0.0,0.0,0.0,0.0,0.0,0.0,0.0,0.0,0.0
27000,924.5039110183716,53,1.0258658877510114,0.95,0.95,0.0,0.0,0.0,0.005119013134390116,0.0,0.0,0.005119013134390116,0.0,0.0,0.0,0.0,0.0,0.0,0.0,0.05223558098077774,0.0,0.0,0.0,0.0,0.0,0.0,0.0,0.0,0.0,0.0,0.0
27200,949.3388798236847,54,1.0258658877510114,0.95,0.95,0.0,0.0,0.0,0.005153880920261145,0.0,0.0,0.005153880920261145,0.0,0.0,0.0,0.0,0.0,0.0,0.0,0.029028495773673058,0.0,0.0,0.0,0.0,0.0,0.0,0.0,0.0,0.0,0.0,0.0
27400,952.8442072868347,54,1.0258658877510114,0.95,0.95,0.0,0.0,0.0,0.005370779428631067,0.0,0.0,0.005370779428631067,0.0,0.0,0.0,0.0,0.0,0.0,0.0,0.060385603457689285,0.0,0.0,0.0,0.0,0.0,0.0,0.0,0.0,0.0,0.0,0.0
27600,958.9902079105377,55,1.0258658877510114,0.95,0.95,0.0,0.0,0.0,0.0055579692125320435,0.0,0.0,0.0055579692125320435,0.0,0.0,0.0,0.0,0.0,0.0,0.0,0.05334452539682388,0.0,0.0,0.0,0.0,0.0,0.0,0.0,0.0,0.0,0.0,0.0
27800,962.4898221492767,55,1.0258658877510114,0.95,0.95,0.0,0.0,0.0,0.00494270958006382,0.0,0.0,0.00494270958006382,0.0,0.0,0.0,0.0,0.0,0.0,0.0,0.021739358082413673,0.0,0.0,0.0,0.0,0.0,0.0,0.0,0.0,0.0,0.0,0.0
28000,965.9881591796875,55,1.0258658877510114,0.95,0.95,0.0,0.0,0.0,0.004963666200637817,0.0,0.0,0.004963666200637817,0.0,0.0,0.0,0.0,0.0,0.0,0.0,0.018959643319249153,0.0,0.0,0.0,0.0,0.0,0.0,0.0,0.0,0.0,0.0,0.0
28200,972.168684720993,56,1.0258658877510114,0.95,0.95,0.0,0.0,0.0,0.005347268655896187,0.0,0.0,0.005347268655896187,0.0,0.0,0.0,0.0,0.0,0.0,0.0,0.029356280341744423,0.0,0.0,0.0,0.0,0.0,0.0,0.0,0.0,0.0,0.0,0.0
28400,975.6837048530579,56,1.0258658877510114,0.95,0.95,0.0,0.0,0.0,0.005109237041324377,0.0,0.0,0.005109237041324377,0.0,0.0,0.0,0.0,0.0,0.0,0.0,0.021548887714743614,0.0,0.0,0.0,0.0,0.0,0.0,0.0,0.0,0.0,0.0,0.0
28600,1000.5225651264191,57,1.0258658877510114,0.95,0.95,0.0,0.0,0.0,0.0055882567539811134,0.0,0.0,0.0055882567539811134,0.0,0.0,0.0,0.0,0.0,0.0,0.0,0.10318141430616379,0.0,0.0,0.0,0.0,0.0,0.0,0.0,0.0,0.0,0.0,0.0
28800,1004.0356822013855,57,1.0258658877510114,0.95,0.95,0.0,0.0,0.0,0.00511572789400816,0.0,0.0,0.00511572789400816,0.0,0.0,0.0,0.0,0.0,0.0,0.0,0.042526502162218094,0.0,0.0,0.0,0.0,0.0,0.0,0.0,0.0,0.0,0.0,0.0
29000,1007.5499186515808,57,1.0258658877510114,0.95,0.95,0.0,0.0,0.0,0.005105528514832258,0.0,0.0,0.005105528514832258,0.0,0.0,0.0,0.0,0.0,0.0,0.0,0.07954900711774826,0.0,0.0,0.0,0.0,0.0,0.0,0.0,0.0,0.0,0.0,0.0
29200,1013.5731711387634,58,1.0258658877510114,0.95,0.95,0.0,0.0,0.0,0.005010971333831549,0.0,0.0,0.005010971333831549,0.0,0.0,0.0,0.0,0.0,0.0,0.0,0.03835973143577576,0.0,0.0,0.0,0.0,0.0,0.0,0.0,0.0,0.0,0.0,0.0
29400,1017.0858912467957,58,1.0258658877510114,0.95,0.95,0.0,0.0,0.0,0.004952512681484222,0.0,0.0,0.004952512681484222,0.0,0.0,0.0,0.0,0.0,0.0,0.0,0.07142338156700134,0.0,0.0,0.0,0.0,0.0,0.0,0.0,0.0,0.0,0.0,0.0
29600,1023.2420525550842,59,1.0258658877510114,0.95,0.95,0.0,0.0,0.0,0.005179727450013161,0.0,0.0,0.005179727450013161,0.0,0.0,0.0,0.0,0.0,0.0,0.0,0.05162118747830391,0.0,0.0,0.0,0.0,0.0,0.0,0.0,0.0,0.0,0.0,0.0
29800,1026.739901304245,59,1.0258658877510114,0.95,0.95,0.0,0.0,0.0,0.005066058598458767,0.0,0.0,0.005066058598458767,0.0,0.0,0.0,0.0,0.0,0.0,0.0,0.027279574424028397,0.0,0.0,0.0,0.0,0.0,0.0,0.0,0.0,0.0,0.0,0.0
30000,1030.2322120666504,59,1.0258658877510114,0.95,0.95,0.0,0.0,0.0,0.004781210795044899,0.0,0.0,0.004781210795044899,0.0,0.0,0.0,0.0,0.0,0.0,0.0,0.032567884773015976,0.0,0.0,0.0,0.0,0.0,0.0,0.0,0.0,0.0,0.0,0.0
30200,1055.0410759449005,60,1.0258658877510114,0.95,0.95,0.0,0.0,0.0,0.005074998363852501,0.0,0.0,0.005074998363852501,0.0,0.0,0.0,0.0,0.0,0.0,0.0,0.022801093757152557,0.0,0.0,0.0,0.0,0.0,0.0,0.0,0.0,0.0,0.0,0.0
30400,1058.55193400383,60,1.0258658877510114,0.95,0.95,0.0,0.0,0.0,0.005172234494239092,0.0,0.0,0.005172234494239092,0.0,0.0,0.0,0.0,0.0,0.0,0.0,0.031566739082336426,0.0,0.0,0.0,0.0,0.0,0.0,0.0,0.0,0.0,0.0,0.0
30600,1064.7216284275055,61,1.0258658877510114,0.95,0.95,0.0,0.0,0.0,0.0050825513899326324,0.0,0.0,0.0050825513899326324,0.0,0.0,0.0,0.0,0.0,0.0,0.0,0.027925699949264526,0.0,0.0,0.0,0.0,0.0,0.0,0.0,0.0,0.0,0.0,0.0
30800,1068.222591161728,61,1.0258658877510114,0.95,0.95,0.0,0.0,0.0,0.004708383232355118,0.0,0.0,0.004708383232355118,0.0,0.0,0.0,0.0,0.0,0.0,0.0,0.05699069797992706,0.0,0.0,0.0,0.0,0.0,0.0,0.0,0.0,0.0,0.0,0.0
31000,1071.7234470844269,61,1.0258658877510114,0.95,0.95,0.0,0.0,0.0,0.00448942743241787,0.0,0.0,0.00448942743241787,0.0,0.0,0.0,0.0,0.0,0.0,0.0,0.017517412081360817,0.0,0.0,0.0,0.0,0.0,0.0,0.0,0.0,0.0,0.0,0.0
31200,1077.92800283432,62,1.0258658877510114,0.95,0.95,0.0,0.0,0.0,0.0047870539128780365,0.0,0.0,0.0047870539128780365,0.0,0.0,0.0,0.0,0.0,0.0,0.0,0.02945571579039097,0.0,0.0,0.0,0.0,0.0,0.0,0.0,0.0,0.0,0.0,0.0
31400,1081.4438173770905,62,1.0258658877510114,0.95,0.95,0.0,0.0,0.0,0.004738534800708294,0.0,0.0,0.004738534800708294,0.0,0.0,0.0,0.0,0.0,0.0,0.0,0.052372194826602936,0.0,0.0,0.0,0.0,0.0,0.0,0.0,0.0,0.0,0.0,0.0
31600,1106.0761663913727,63,1.0258658877510114,0.95,0.95,0.0,0.0,0.0,0.005111828446388245,0.0,0.0,0.005111828446388245,0.0,0.0,0.0,0.0,0.0,0.0,0.0,0.037986595183610916,0.0,0.0,0.0,0.0,0.0,0.0,0.0,0.0,0.0,0.0,0.0
31800,1109.5740849971771,63,1.0258658877510114,0.95,0.95,0.0,0.0,0.0,0.005008644424378872,0.0,0.0,0.005008644424378872,0.0,0.0,0.0,0.0,0.0,0.0,0.0,0.024309329688549042,0.0,0.0,0.0,0.0,0.0,0.0,0.0,0.0,0.0,0.0,0.0
32000,1113.0723450183868,63,1.0258658877510114,0.95,0.95,0.0,0.0,0.0,0.005224691703915596,0.0,0.0,0.005224691703915596,0.0,0.0,0.0,0.0,0.0,0.0,0.0,0.0343124195933342,0.0,0.0,0.0,0.0,0.0,0.0,0.0,0.0,0.0,0.0,0.0
32200,1119.1883590221405,64,1.0258658877510114,0.95,0.95,0.0,0.0,0.0,0.004912502598017454,0.0,0.0,0.004912502598017454,0.0,0.0,0.0,0.0,0.0,0.0,0.0,0.01986551657319069,0.0,0.0,0.0,0.0,0.0,0.0,0.0,0.0,0.0,0.0,0.0
32400,1122.6944329738617,64,1.0258658877510114,0.95,0.95,0.0,0.0,0.0,0.004870032891631126,0.0,0.0,0.004870032891631126,0.0,0.0,0.0,0.0,0.0,0.0,0.0,0.030259856954216957,0.0,0.0,0.0,0.0,0.0,0.0,0.0,0.0,0.0,0.0,0.0
32600,1128.8649621009827,65,1.0258658877510114,0.95,0.95,0.0,0.0,0.0,0.005349733866751194,0.0,0.0,0.005349733866751194,0.0,0.0,0.0,0.0,0.0,0.0,0.0,0.029882751405239105,0.0,0.0,0.0,0.0,0.0,0.0,0.0,0.0,0.0,0.0,0.0
32800,1132.3758234977722,65,1.0258658877510114,0.95,0.95,0.0,0.0,0.0,0.005029693711549044,0.0,0.0,0.005029693711549044,0.0,0.0,0.0,0.0,0.0,0.0,0.0,0.047783881425857544,0.0,0.0,0.0,0.0,0.0,0.0,0.0,0.0,0.0,0.0,0.0
33000,1135.8716020584106,65,1.0258658877510114,0.95,0.95,0.0,0.0,0.0,0.005074446555227041,0.0,0.0,0.005074446555227041,0.0,0.0,0.0,0.0,0.0,0.0,0.0,0.048929885029792786,0.0,0.0,0.0,0.0,0.0,0.0,0.0,0.0,0.0,0.0,0.0
33200,1160.7208709716797,66,1.0258658877510114,0.95,0.95,0.0,0.0,0.0,0.005155411548912525,0.0,0.0,0.005155411548912525,0.0,0.0,0.0,0.0,0.0,0.0,0.0,0.02899808995425701,0.0,0.0,0.0,0.0,0.0,0.0,0.0,0.0,0.0,0.0,0.0
33400,1164.2269186973572,66,1.0258658877510114,0.95,0.95,0.0,0.0,0.0,0.004796892870217562,0.0,0.0,0.004796892870217562,0.0,0.0,0.0,0.0,0.0,0.0,0.0,0.04063950106501579,0.0,0.0,0.0,0.0,0.0,0.0,0.0,0.0,0.0,0.0,0.0
33600,1170.1997137069702,67,1.0258658877510114,0.95,0.95,0.0,0.0,0.0,0.005093542393296957,0.0,0.0,0.005093542393296957,0.0,0.0,0.0,0.0,0.0,0.0,0.0,0.028881749138236046,0.0,0.0,0.0,0.0,0.0,0.0,0.0,0.0,0.0,0.0,0.0
33800,1173.7123296260834,67,1.0258658877510114,0.95,0.95,0.0,0.0,0.0,0.005156153813004494,0.0,0.0,0.005156153813004494,0.0,0.0,0.0,0.0,0.0,0.0,0.0,0.056338611990213394,0.0,0.0,0.0,0.0,0.0,0.0,0.0,0.0,0.0,0.0,0.0
34000,1177.2230927944183,67,1.0258658877510114,0.95,0.95,0.0,0.0,0.0,0.004989815875887871,0.0,0.0,0.004989815875887871,0.0,0.0,0.0,0.0,0.0,0.0,0.0,0.040014419704675674,0.0,0.0,0.0,0.0,0.0,0.0,0.0,0.0,0.0,0.0,0.0
34200,1183.3267335891724,68,1.0258658877510114,0.95,0.95,0.0,0.0,0.0,0.005194933619350195,0.0,0.0,0.005194933619350195,0.0,0.0,0.0,0.0,0.0,0.0,0.0,0.05217820405960083,0.0,0.0,0.0,0.0,0.0,0.0,0.0,0.0,0.0,0.0,0.0
34400,1186.8359451293945,68,1.0258658877510114,0.95,0.95,0.0,0.0,0.0,0.0047282143495976925,0.0,0.0,0.0047282143495976925,0.0,0.0,0.0,0.0,0.0,0.0,0.0,0.04133164882659912,0.0,0.0,0.0,0.0,0.0,0.0,0.0,0.0,0.0,0.0,0.0
34600,1211.9900698661804,69,1.0258658877510114,0.95,0.95,0.0,0.0,0.0,0.005167689174413681,0.0,0.0,0.005167689174413681,0.0,0.0,0.0,0.0,0.0,0.0,0.0,0.04261752590537071,0.0,0.0,0.0,0.0,0.0,0.0,0.0,0.0,0.0,0.0,0.0
34800,1215.482629776001,69,1.0258658877510114,0.95,0.95,0.0,0.0,0.0,0.004932116717100143,0.0,0.0,0.004932116717100143,0.0,0.0,0.0,0.0,0.0,0.0,0.0,0.036372072994709015,0.0,0.0,0.0,0.0,0.0,0.0,0.0,0.0,0.0,0.0,0.0
35000,1218.974123954773,69,1.0258658877510114,0.95,0.95,0.0,0.0,0.0,0.004453693982213736,0.0,0.0,0.004453693982213736,0.0,0.0,0.0,0.0,0.0,0.0,0.0,0.035018596798181534,0.0,0.0,0.0,0.0,0.0,0.0,0.0,0.0,0.0,0.0,0.0
35200,1225.000146150589,70,1.0258658877510114,0.95,0.95,0.0,0.0,0.0,0.004457269329577684,0.0,0.0,0.004457269329577684,0.0,0.0,0.0,0.0,0.0,0.0,0.0,0.037032660096883774,0.0,0.0,0.0,0.0,0.0,0.0,0.0,0.0,0.0,0.0,0.0
35400,1228.5130784511566,70,1.0258658877510114,0.95,0.95,0.0,0.0,0.0,0.004394869785755873,0.0,0.0,0.004394869785755873,0.0,0.0,0.0,0.0,0.0,0.0,0.0,0.0465230830013752,0.0,0.0,0.0,0.0,0.0,0.0,0.0,0.0,0.0,0.0,0.0
35600,1234.7889115810394,71,1.0258658877510114,0.95,0.95,0.0,0.0,0.0,0.00498442817479372,0.0,0.0,0.00498442817479372,0.0,0.0,0.0,0.0,0.0,0.0,0.0,0.053778622299432755,0.0,0.0,0.0,0.0,0.0,0.0,0.0,0.0,0.0,0.0,0.0
35800,1238.295670747757,71,1.0258658877510114,0.95,0.95,0.0,0.0,0.0,0.0047587258741259575,0.0,0.0,0.0047587258741259575,0.0,0.0,0.0,0.0,0.0,0.0,0.0,0.03896743059158325,0.0,0.0,0.0,0.0,0.0,0.0,0.0,0.0,0.0,0.0,0.0
36000,1241.785322189331,71,1.0258658877510114,0.95,0.95,0.0,0.0,0.0,0.004431474022567272,0.0,0.0,0.004431474022567272,0.0,0.0,0.0,0.0,0.0,0.0,0.0,0.03495936468243599,0.0,0.0,0.0,0.0,0.0,0.0,0.0,0.0,0.0,0.0,0.0
36200,1266.5301306247711,72,1.0258658877510114,0.95,0.95,0.0,0.0,0.0,0.004921025596559048,0.0,0.0,0.004921025596559048,0.0,0.0,0.0,0.0,0.0,0.0,0.0,0.022117797285318375,0.0,0.0,0.0,0.0,0.0,0.0,0.0,0.0,0.0,0.0,0.0
36400,1270.0255930423737,72,1.0258658877510114,0.95,0.95,0.0,0.0,0.0,0.004748702514916658,0.0,0.0,0.004748702514916658,0.0,0.0,0.0,0.0,0.0,0.0,0.0,0.059838272631168365,0.0,0.0,0.0,0.0,0.0,0.0,0.0,0.0,0.0,0.0,0.0
36600,1276.1220915317535,73,1.0258658877510114,0.95,0.95,0.0,0.0,0.0,0.004928809590637684,0.0,0.0,0.004928809590637684,0.0,0.0,0.0,0.0,0.0,0.0,0.0,0.027464693412184715,0.0,0.0,0.0,0.0,0.0,0.0,0.0,0.0,0.0,0.0,0.0
36800,1279.6161077022552,73,1.0258658877510114,0.95,0.95,0.0,0.0,0.0,0.004979399032890797,0.0,0.0,0.004979399032890797,0.0,0.0,0.0,0.0,0.0,0.0,0.0,0.02451413683593273,0.0,0.0,0.0,0.0,0.0,0.0,0.0,0.0,0.0,0.0,0.0
37000,1283.117116689682,73,1.0258658877510114,0.95,0.95,0.0,0.0,0.0,0.004541818518191576,0.0,0.0,0.004541818518191576,0.0,0.0,0.0,0.0,0.0,0.0,0.0,0.05204850062727928,0.0,0.0,0.0,0.0,0.0,0.0,0.0,0.0,0.0,0.0,0.0
37200,1289.286041021347,74,1.0258658877510114,0.95,0.95,0.0,0.0,0.0,0.005139721557497978,0.0,0.0,0.005139721557497978,0.0,0.0,0.0,0.0,0.0,0.0,0.0,0.04310423508286476,0.0,0.0,0.0,0.0,0.0,0.0,0.0,0.0,0.0,0.0,0.0
37400,1292.7908098697662,74,1.0258658877510114,0.95,0.95,0.0,0.0,0.0,0.0050680916756391525,0.0,0.0,0.0050680916756391525,0.0,0.0,0.0,0.0,0.0,0.0,0.0,0.02375791221857071,0.0,0.0,0.0,0.0,0.0,0.0,0.0,0.0,0.0,0.0,0.0
37600,1317.7397599220276,75,1.0258658877510114,0.95,0.95,0.0,0.0,0.0,0.0051806531846523285,0.0,0.0,0.0051806531846523285,0.0,0.0,0.0,0.0,0.0,0.0,0.0,0.037090618163347244,0.0,0.0,0.0,0.0,0.0,0.0,0.0,0.0,0.0,0.0,0.0
37800,1321.2361323833466,75,1.0258658877510114,0.95,0.95,0.0,0.0,0.0,0.004723662044852972,0.0,0.0,0.004723662044852972,0.0,0.0,0.0,0.0,0.0,0.0,0.0,0.025062929838895798,0.0,0.0,0.0,0.0,0.0,0.0,0.0,0.0,0.0,0.0,0.0
38000,1324.7335867881775,75,1.0258658877510114,0.95,0.95,0.0,0.0,0.0,0.004430427215993404,0.0,0.0,0.004430427215993404,0.0,0.0,0.0,0.0,0.0,0.0,0.0,0.05249449238181114,0.0,0.0,0.0,0.0,0.0,0.0,0.0,0.0,0.0,0.0,0.0
38200,1330.7507104873657,76,1.0258658877510114,0.95,0.95,0.0,0.0,0.0,0.0046835774555802345,0.0,0.0,0.0046835774555802345,0.0,0.0,0.0,0.0,0.0,0.0,0.0,0.04149691015481949,0.0,0.0,0.0,0.0,0.0,0.0,0.0,0.0,0.0,0.0,0.0
38400,1334.2470519542694,76,1.0258658877510114,0.95,0.95,0.0,0.0,0.0,0.004665806889533997,0.0,0.0,0.004665806889533997,0.0,0.0,0.0,0.0,0.0,0.0,0.0,0.03628448396921158,0.0,0.0,0.0,0.0,0.0,0.0,0.0,0.0,0.0,0.0,0.0
38600,1340.2702405452728,77,1.0258658877510114,0.95,0.95,0.0,0.0,0.0,0.004802011884748936,0.0,0.0,0.004802011884748936,0.0,0.0,0.0,0.0,0.0,0.0,0.0,0.028305470943450928,0.0,0.0,0.0,0.0,0.0,0.0,0.0,0.0,0.0,0.0,0.0
38800,1343.764983177185,77,1.0258658877510114,0.95,0.95,0.0,0.0,0.0,0.004476964473724365,0.0,0.0,0.004476964473724365,0.0,0.0,0.0,0.0,0.0,0.0,0.0,0.030149230733513832,0.0,0.0,0.0,0.0,0.0,0.0,0.0,0.0,0.0,0.0,0.0
39000,1347.2585940361023,77,1.0258658877510114,0.95,0.95,0.0,0.0,0.0,0.004567284137010574,0.0,0.0,0.004567284137010574,0.0,0.0,0.0,0.0,0.0,0.0,0.0,0.050884224474430084,0.0,0.0,0.0,0.0,0.0,0.0,0.0,0.0,0.0,0.0,0.0
39200,1372.0488243103027,78,1.0258658877510114,0.95,0.95,0.0,0.0,0.0,0.004781691823154688,0.0,0.0,0.004781691823154688,0.0,0.0,0.0,0.0,0.0,0.0,0.0,0.037092000246047974,0.0,0.0,0.0,0.0,0.0,0.0,0.0,0.0,0.0,0.0,0.0
39400,1375.5473682880402,78,1.0258658877510114,0.95,0.95,0.0,0.0,0.0,0.004672899842262268,0.0,0.0,0.004672899842262268,0.0,0.0,0.0,0.0,0.0,0.0,0.0,0.03256523981690407,0.0,0.0,0.0,0.0,0.0,0.0,0.0,0.0,0.0,0.0,0.0
39600,1381.5997531414032,79,1.0258658877510114,0.95,0.95,0.0,0.0,0.0,0.004821283742785454,0.0,0.0,0.004821283742785454,0.0,0.0,0.0,0.0,0.0,0.0,0.0,0.026039309799671173,0.0,0.0,0.0,0.0,0.0,0.0,0.0,0.0,0.0,0.0,0.0
39800,1385.101470708847,79,1.0258658877510114,0.95,0.95,0.0,0.0,0.0,0.004847549367696047,0.0,0.0,0.004847549367696047,0.0,0.0,0.0,0.0,0.0,0.0,0.0,0.07856026291847229,0.0,0.0,0.0,0.0,0.0,0.0,0.0,0.0,0.0,0.0,0.0
40000,1388.599051952362,79,1.0258658877510114,0.95,0.95,0.0,0.0,0.0,0.004493524320423603,0.0,0.0,0.004493524320423603,0.0,0.0,0.0,0.0,0.0,0.0,0.0,0.04304717853665352,0.0,0.0,0.0,0.0,0.0,0.0,0.0,0.0,0.0,0.0,0.0
40200,1394.7144649028778,80,1.0258658877510114,0.95,0.95,0.0,0.0,0.0,0.004676510579884052,0.0,0.0,0.004676510579884052,0.0,0.0,0.0,0.0,0.0,0.0,0.0,0.06893453001976013,0.0,0.0,0.0,0.0,0.0,0.0,0.0,0.0,0.0,0.0,0.0
40400,1398.213151216507,80,1.0258658877510114,0.95,0.95,0.0,0.0,0.0,0.004812890663743019,0.0,0.0,0.004812890663743019,0.0,0.0,0.0,0.0,0.0,0.0,0.0,0.03396773710846901,0.0,0.0,0.0,0.0,0.0,0.0,0.0,0.0,0.0,0.0,0.0
40600,1423.1580233573914,81,1.0258658877510114,0.95,0.95,0.0,0.0,0.0,0.004720922559499741,0.0,0.0,0.004720922559499741,0.0,0.0,0.0,0.0,0.0,0.0,0.0,0.05769883096218109,0.0,0.0,0.0,0.0,0.0,0.0,0.0,0.0,0.0,0.0,0.0
40800,1426.6510319709778,81,1.0258658877510114,0.95,0.95,0.0,0.0,0.0,0.00468292273581028,0.0,0.0,0.00468292273581028,0.0,0.0,0.0,0.0,0.0,0.0,0.0,0.03824865445494652,0.0,0.0,0.0,0.0,0.0,0.0,0.0,0.0,0.0,0.0,0.0
41000,1430.146499633789,81,1.0258658877510114,0.95,0.95,0.0,0.0,0.0,0.004335795994848013,0.0,0.0,0.004335795994848013,0.0,0.0,0.0,0.0,0.0,0.0,0.0,0.03731368109583855,0.0,0.0,0.0,0.0,0.0,0.0,0.0,0.0,0.0,0.0,0.0
41200,1436.3067820072174,82,1.0258658877510114,0.95,0.95,0.0,0.0,0.0,0.004784052260220051,0.0,0.0,0.004784052260220051,0.0,0.0,0.0,0.0,0.0,0.0,0.0,0.04010707139968872,0.0,0.0,0.0,0.0,0.0,0.0,0.0,0.0,0.0,0.0,0.0
41400,1439.818957567215,82,1.0258658877510114,0.95,0.95,0.0,0.0,0.0,0.004568877164274454,0.0,0.0,0.004568877164274454,0.0,0.0,0.0,0.0,0.0,0.0,0.0,0.05287537723779678,0.0,0.0,0.0,0.0,0.0,0.0,0.0,0.0,0.0,0.0,0.0
41600,1445.9595453739166,83,1.0258658877510114,0.95,0.95,0.0,0.0,0.0,0.0049605052918195724,0.0,0.0,0.0049605052918195724,0.0,0.0,0.0,0.0,0.0,0.0,0.0,0.08155377954244614,0.0,0.0,0.0,0.0,0.0,0.0,0.0,0.0,0.0,0.0,0.0
41800,1449.466946363449,83,1.0258658877510114,0.95,0.95,0.0,0.0,0.0,0.004693412687629461,0.0,0.0,0.004693412687629461,0.0,0.0,0.0,0.0,0.0,0.0,0.0,0.03220682963728905,0.0,0.0,0.0,0.0,0.0,0.0,0.0,0.0,0.0,0.0,0.0
42000,1452.9723024368286,83,1.0258658877510114,0.95,0.95,0.0,0.0,0.0,0.004474683664739132,0.0,0.0,0.004474683664739132,0.0,0.0,0.0,0.0,0.0,0.0,0.0,0.04401300847530365,0.0,0.0,0.0,0.0,0.0,0.0,0.0,0.0,0.0,0.0,0.0
42200,1477.778493642807,84,1.0258658877510114,0.95,0.95,0.0,0.0,0.0,0.004478988703340292,0.0,0.0,0.004478988703340292,0.0,0.0,0.0,0.0,0.0,0.0,0.0,0.04560457542538643,0.0,0.0,0.0,0.0,0.0,0.0,0.0,0.0,0.0,0.0,0.0
42400,1481.296091079712,84,1.0258658877510114,0.95,0.95,0.0,0.0,0.0,0.004291158635169268,0.0,0.0,0.004291158635169268,0.0,0.0,0.0,0.0,0.0,0.0,0.0,0.043526336550712585,0.0,0.0,0.0,0.0,0.0,0.0,0.0,0.0,0.0,0.0,0.0
42600,1487.3212258815765,85,1.0258658877510114,0.95,0.95,0.0,0.0,0.0,0.004624879453331232,0.0,0.0,0.004624879453331232,0.0,0.0,0.0,0.0,0.0,0.0,0.0,0.03503037989139557,0.0,0.0,0.0,0.0,0.0,0.0,0.0,0.0,0.0,0.0,0.0
42800,1490.7618708610535,85,1.0258658877510114,0.95,0.95,0.0,0.0,0.0,0.00451863557100296,0.0,0.0,0.00451863557100296,0.0,0.0,0.0,0.0,0.0,0.0,0.0,0.03443687781691551,0.0,0.0,0.0,0.0,0.0,0.0,0.0,0.0,0.0,0.0,0.0
43000,1494.2216820716858,85,1.0258658877510114,0.95,0.95,0.0,0.0,0.0,0.004424149636179209,0.0,0.0,0.004424149636179209,0.0,0.0,0.0,0.0,0.0,0.0,0.0,0.05303032323718071,0.0,0.0,0.0,0.0,0.0,0.0,0.0,0.0,0.0,0.0,0.0
43200,1500.9469363689423,86,1.0258658877510114,0.95,0.95,0.0,0.0,0.0,0.004323730245232582,0.0,0.0,0.004323730245232582,0.0,0.0,0.0,0.0,0.0,0.0,0.0,0.03399115800857544,0.0,0.0,0.0,0.0,0.0,0.0,0.0,0.0,0.0,0.0,0.0
43400,1504.459742307663,86,1.0258658877510114,0.95,0.95,0.0,0.0,0.0,0.004266390576958656,0.0,0.0,0.004266390576958656,0.0,0.0,0.0,0.0,0.0,0.0,0.0,0.03981684148311615,0.0,0.0,0.0,0.0,0.0,0.0,0.0,0.0,0.0,0.0,0.0
43600,1529.591049194336,87,1.0258658877510114,0.95,0.95,0.0,0.0,0.0,0.004821492359042168,0.0,0.0,0.004821492359042168,0.0,0.0,0.0,0.0,0.0,0.0,0.0,0.05812862515449524,0.0,0.0,0.0,0.0,0.0,0.0,0.0,0.0,0.0,0.0,0.0
43800,1533.094539642334,87,1.0258658877510114,0.95,0.95,0.0,0.0,0.0,0.004374150186777115,0.0,0.0,0.004374150186777115,0.0,0.0,0.0,0.0,0.0,0.0,0.0,0.03241265192627907,0.0,0.0,0.0,0.0,0.0,0.0,0.0,0.0,0.0,0.0,0.0
44000,1536.6003923416138,87,1.0258658877510114,0.95,0.95,0.0,0.0,0.0,0.00428736861795187,0.0,0.0,0.00428736861795187,0.0,0.0,0.0,0.0,0.0,0.0,0.0,0.023179564625024796,0.0,0.0,0.0,0.0,0.0,0.0,0.0,0.0,0.0,0.0,0.0
44200,1542.92742395401,88,1.0258658877510114,0.95,0.95,0.0,0.0,0.0,0.004769509192556143,0.0,0.0,0.004769509192556143,0.0,0.0,0.0,0.0,0.0,0.0,0.0,0.04180314764380455,0.0,0.0,0.0,0.0,0.0,0.0,0.0,0.0,0.0,0.0,0.0
44400,1546.432157278061,88,1.0258658877510114,0.95,0.95,0.0,0.0,0.0,0.004364446736872196,0.0,0.0,0.004364446736872196,0.0,0.0,0.0,0.0,0.0,0.0,0.0,0.024707360193133354,0.0,0.0,0.0,0.0,0.0,0.0,0.0,0.0,0.0,0.0,0.0
44600,1552.7929055690765,89,1.0258658877510114,0.95,0.95,0.0,0.0,0.0,0.004770298488438129,0.0,0.0,0.004770298488438129,0.0,0.0,0.0,0.0,0.0,0.0,0.0,0.04063018783926964,0.0,0.0,0.0,0.0,0.0,0.0,0.0,0.0,0.0,0.0,0.0
44800,1556.222460269928,89,1.0258658877510114,0.95,0.95,0.0,0.0,0.0,0.004386457614600658,0.0,0.0,0.004386457614600658,0.0,0.0,0.0,0.0,0.0,0.0,0.0,0.07407498359680176,0.0,0.0,0.0,0.0,0.0,0.0,0.0,0.0,0.0,0.0,0.0
45000,1559.6492011547089,89,1.0258658877510114,0.95,0.95,0.0,0.0,0.0,0.004420080222189426,0.0,0.0,0.004420080222189426,0.0,0.0,0.0,0.0,0.0,0.0,0.0,0.02252579666674137,0.0,0.0,0.0,0.0,0.0,0.0,0.0,0.0,0.0,0.0,0.0
45200,1585.1521801948547,90,1.0258658877510114,0.95,0.95,0.0,0.0,0.0,0.004697236232459545,0.0,0.0,0.004697236232459545,0.0,0.0,0.0,0.0,0.0,0.0,0.0,0.045465100556612015,0.0,0.0,0.0,0.0,0.0,0.0,0.0,0.0,0.0,0.0,0.0
45400,1588.6630895137787,90,1.0258658877510114,0.95,0.95,0.0,0.0,0.0,0.0046455152332782745,0.0,0.0,0.0046455152332782745,0.0,0.0,0.0,0.0,0.0,0.0,0.0,0.07572158426046371,0.0,0.0,0.0,0.0,0.0,0.0,0.0,0.0,0.0,0.0,0.0
45600,1594.8080656528473,91,1.0258658877510114,0.95,0.95,0.0,0.0,0.0,0.004580337088555098,0.0,0.0,0.004580337088555098,0.0,0.0,0.0,0.0,0.0,0.0,0.0,0.041908878833055496,0.0,0.0,0.0,0.0,0.0,0.0,0.0,0.0,0.0,0.0,0.0
45800,1598.3166408538818,91,1.0258658877510114,0.95,0.95,0.0,0.0,0.0,0.004794119857251644,0.0,0.0,0.004794119857251644,0.0,0.0,0.0,0.0,0.0,0.0,0.0,0.026608018204569817,0.0,0.0,0.0,0.0,0.0,0.0,0.0,0.0,0.0,0.0,0.0
46000,1601.8203618526459,91,1.0258658877510114,0.95,0.95,0.0,0.0,0.0,0.004551193676888943,0.0,0.0,0.004551193676888943,0.0,0.0,0.0,0.0,0.0,0.0,0.0,0.04917403683066368,0.0,0.0,0.0,0.0,0.0,0.0,0.0,0.0,0.0,0.0,0.0
46200,1608.0490455627441,92,1.0258658877510114,0.95,0.95,0.0,0.0,0.0,0.004820837639272213,0.0,0.0,0.004820837639272213,0.0,0.0,0.0,0.0,0.0,0.0,0.0,0.018670428544282913,0.0,0.0,0.0,0.0,0.0,0.0,0.0,0.0,0.0,0.0,0.0
46400,1611.5458710193634,92,1.0258658877510114,0.95,0.95,0.0,0.0,0.0,0.004295364487916231,0.0,0.0,0.004295364487916231,0.0,0.0,0.0,0.0,0.0,0.0,0.0,0.03274263069033623,0.0,0.0,0.0,0.0,0.0,0.0,0.0,0.0,0.0,0.0,0.0
46600,1636.9990892410278,93,1.0258658877510114,0.95,0.95,0.0,0.0,0.0,0.004780715797096491,0.0,0.0,0.004780715797096491,0.0,0.0,0.0,0.0,0.0,0.0,0.0,0.039267104119062424,0.0,0.0,0.0,0.0,0.0,0.0,0.0,0.0,0.0,0.0,0.0
46800,1640.4952385425568,93,1.0258658877510114,0.95,0.95,0.0,0.0,0.0,0.004868485499173403,0.0,0.0,0.004868485499173403,0.0,0.0,0.0,0.0,0.0,0.0,0.0,0.07063869386911392,0.0,0.0,0.0,0.0,0.0,0.0,0.0,0.0,0.0,0.0,0.0
47000,1644.01198387146,93,1.0258658877510114,0.95,0.95,0.0,0.0,0.0,0.004318642430007458,0.0,0.0,0.004318642430007458,0.0,0.0,0.0,0.0,0.0,0.0,0.0,0.03683063015341759,0.0,0.0,0.0,0.0,0.0,0.0,0.0,0.0,0.0,0.0,0.0
47200,1650.0662596225739,94,1.0258658877510114,0.95,0.95,0.0,0.0,0.0,0.0046800654381513596,0.0,0.0,0.0046800654381513596,0.0,0.0,0.0,0.0,0.0,0.0,0.0,0.04328882321715355,0.0,0.0,0.0,0.0,0.0,0.0,0.0,0.0,0.0,0.0,0.0
47400,1653.5685188770294,94,1.0258658877510114,0.95,0.95,0.0,0.0,0.0,0.004215352237224579,0.0,0.0,0.004215352237224579,0.0,0.0,0.0,0.0,0.0,0.0,0.0,0.024489309638738632,0.0,0.0,0.0,0.0,0.0,0.0,0.0,0.0,0.0,0.0,0.0
47600,1659.9572377204895,95,1.0258658877510114,0.95,0.95,0.0,0.0,0.0,0.004598303698003292,0.0,0.0,0.004598303698003292,0.0,0.0,0.0,0.0,0.0,0.0,0.0,0.06899500638246536,0.0,0.0,0.0,0.0,0.0,0.0,0.0,0.0,0.0,0.0,0.0
47800,1663.45174574852,95,1.0258658877510114,0.95,0.95,0.0,0.0,0.0,0.004714581649750471,0.0,0.0,0.004714581649750471,0.0,0.0,0.0,0.0,0.0,0.0,0.0,0.04836239665746689,0.0,0.0,0.0,0.0,0.0,0.0,0.0,0.0,0.0,0.0,0.0
48000,1666.9430828094482,95,1.0258658877510114,0.95,0.95,0.0,0.0,0.0,0.004073914606124163,0.0,0.0,0.004073914606124163,0.0,0.0,0.0,0.0,0.0,0.0,0.0,0.023291081190109253,0.0,0.0,0.0,0.0,0.0,0.0,0.0,0.0,0.0,0.0,0.0
48200,1691.8913669586182,96,1.0258658877510114,0.95,0.95,0.0,0.0,0.0,0.004628129303455353,0.0,0.0,0.004628129303455353,0.0,0.0,0.0,0.0,0.0,0.0,0.0,0.07636356353759766,0.0,0.0,0.0,0.0,0.0,0.0,0.0,0.0,0.0,0.0,0.0
48400,1695.3876662254333,96,1.0258658877510114,0.95,0.95,0.0,0.0,0.0,0.004394227638840675,0.0,0.0,0.004394227638840675,0.0,0.0,0.0,0.0,0.0,0.0,0.0,0.03450183570384979,0.0,0.0,0.0,0.0,0.0,0.0,0.0,0.0,0.0,0.0,0.0
48600,1701.488469362259,97,1.0258658877510114,0.95,0.95,0.0,0.0,0.0,0.004615764133632183,0.0,0.0,0.004615764133632183,0.0,0.0,0.0,0.0,0.0,0.0,0.0,0.02924044243991375,0.0,0.0,0.0,0.0,0.0,0.0,0.0,0.0,0.0,0.0,0.0
48800,1704.98659491539,97,1.0258658877510114,0.95,0.95,0.0,0.0,0.0,0.004464864730834961,0.0,0.0,0.004464864730834961,0.0,0.0,0.0,0.0,0.0,0.0,0.0,0.02802933007478714,0.0,0.0,0.0,0.0,0.0,0.0,0.0,0.0,0.0,0.0,0.0
49000,1708.4771418571472,97,1.0258658877510114,0.95,0.95,0.0,0.0,0.0,0.004230149555951357,0.0,0.0,0.004230149555951357,0.0,0.0,0.0,0.0,0.0,0.0,0.0,0.056081801652908325,0.0,0.0,0.0,0.0,0.0,0.0,0.0,0.0,0.0,0.0,0.0
49200,1714.7201354503632,98,1.0258658877510114,0.95,0.95,0.0,0.0,0.0,0.004565376788377762,0.0,0.0,0.004565376788377762,0.0,0.0,0.0,0.0,0.0,0.0,0.0,0.03852175921201706,0.0,0.0,0.0,0.0,0.0,0.0,0.0,0.0,0.0,0.0,0.0
49400,1718.2153995037079,98,1.0258658877510114,0.95,0.95,0.0,0.0,0.0,0.004408177919685841,0.0,0.0,0.004408177919685841,0.0,0.0,0.0,0.0,0.0,0.0,0.0,0.04022131487727165,0.0,0.0,0.0,0.0,0.0,0.0,0.0,0.0,0.0,0.0,0.0
49600,1743.1347756385803,99,1.0258658877510114,0.95,0.95,0.0,0.0,0.0,0.004622575826942921,0.0,0.0,0.004622575826942921,0.0,0.0,0.0,0.0,0.0,0.0,0.0,0.030572669580578804,0.0,0.0,0.0,0.0,0.0,0.0,0.0,0.0,0.0,0.0,0.0
49800,1746.6493744850159,99,1.0258658877510114,0.95,0.95,0.0,0.0,0.0,0.004438562318682671,0.0,0.0,0.004438562318682671,0.0,0.0,0.0,0.0,0.0,0.0,0.0,0.045784659683704376,0.0,0.0,0.0,0.0,0.0,0.0,0.0,0.0,0.0,0.0,0.0
50000,1750.1663196086884,99,1.0258658877510114,0.95,0.95,0.0,0.0,0.0,0.0042047156020998955,0.0,0.0,0.0042047156020998955,0.0,0.0,0.0,0.0,0.0,0.0,0.0,0.04142696037888527,0.0,0.0,0.0,0.0,0.0,0.0,0.0,0.0,0.0,0.0,0.0
